Datetime;Débit horaire;Taux d'occupation;Arc
2020-12-11 01:00:00;199.02280918714575;3.8891976531734063;Champs-Elysées
2020-12-11 02:00:00;152.84137322396452;3.0352520058992734;Champs-Elysées
2020-12-11 03:00:00;121.30803277797287;0.837073564529419;Champs-Elysées
2020-12-11 04:00:00;104.39236714180615;0.3176138025979126;Champs-Elysées
2020-12-11 05:00:00;114.27415486963476;0.9366861581802368;Champs-Elysées
2020-12-11 06:00:00;96.87939840953682;0.30263060331344604;Champs-Elysées
2020-12-11 07:00:00;185.23364349254734;2.2420172691345215;Champs-Elysées
2020-12-11 08:00:00;558.2470340239405;5.665635925452166;Champs-Elysées
2020-12-11 09:00:00;907.2177816657546;9.373986948069549;Champs-Elysées
2020-12-11 10:00:00;1180.1527603864888;14.72459888458252;Champs-Elysées
2020-12-11 11:00:00;1235.4515022299522;19.112413697091483;Champs-Elysées
2020-12-11 12:00:00;1155.883257884111;17.546322039680774;Champs-Elysées
2020-12-11 13:00:00;1156.151505625382;17.716646183338085;Champs-Elysées
2020-12-11 14:00:00;1108.4744753606974;17.03477668762207;Champs-Elysées
2020-12-11 15:00:00;1097.662639413878;16.94477081298828;Champs-Elysées
2020-12-11 16:00:00;1127.6104699244152;17.96147346496582;Champs-Elysées
2020-12-11 17:00:00;1114.3971516186193;18.516630172729492;Champs-Elysées
2020-12-11 18:00:00;1090.37934495355;17.28071941480391;Champs-Elysées
2020-12-11 19:00:00;1093.876286930225;17.191287994384766;Champs-Elysées
2020-12-11 20:00:00;1060.3824607561278;17.00899887084961;Champs-Elysées
2020-12-11 21:00:00;1000.1438834560628;13.560837010185391;Champs-Elysées
2020-12-11 22:00:00;668.6447520413855;9.64665994358511;Champs-Elysées
2020-12-11 23:00:00;452.04877473931197;4.643435955047607;Champs-Elysées
2020-12-12 00:00:00;251.5097933624987;3.652116060256958;Champs-Elysées
2020-12-12 01:00:00;184.82233407032408;4.156517028808594;Champs-Elysées
2020-12-12 02:00:00;143.00852646895152;4.056094646453857;Champs-Elysées
2020-12-12 03:00:00;106.95960613512452;0.636876106262207;Champs-Elysées
2020-12-12 04:00:00;86.09074716757024;0.5073081715887546;Champs-Elysées
2020-12-12 05:00:00;79.25228627848409;0.8284000350304161;Champs-Elysées
2020-12-12 06:00:00;75.46885931776735;0.766058756537666;Champs-Elysées
2020-12-12 07:00:00;113.29392964541452;3.232175588607788;Champs-Elysées
2020-12-12 08:00:00;241.01529404080577;3.717855930328369;Champs-Elysées
2020-12-12 09:00:00;353.04025427484555;6.208431720733643;Champs-Elysées
2020-12-12 10:00:00;497.8907984800702;10.680936813354492;Champs-Elysées
2020-12-12 11:00:00;691.2302977792096;11.404199600219727;Champs-Elysées
2020-12-12 12:00:00;823.979765864096;11.358866691589355;Champs-Elysées
2020-12-12 13:00:00;911.4616200777077;11.565872192382812;Champs-Elysées
2020-12-12 14:00:00;961.2952678572519;16.828218460083008;Champs-Elysées
2020-12-12 15:00:00;952.1507672025627;17.001291275024414;Champs-Elysées
2020-12-12 16:00:00;1046.114697592139;18.017988204956055;Champs-Elysées
2020-12-12 17:00:00;1143.1739981100168;22.262269973754883;Champs-Elysées
2020-12-12 18:00:00;1144.209112662553;21.068057263233165;Champs-Elysées
2020-12-12 19:00:00;1153.074736276767;21.85466047553367;Champs-Elysées
2020-12-12 20:00:00;1079.6022308228958;20.854195346363;Champs-Elysées
2020-12-12 21:00:00;899.3121933519606;13.90056367513182;Champs-Elysées
2020-12-12 22:00:00;658.4248428269799;9.958420211057902;Champs-Elysées
2020-12-12 23:00:00;457.7133709033143;6.472536087036133;Champs-Elysées
2020-12-13 00:00:00;260.58796220714976;5.319222450256348;Champs-Elysées
2020-12-13 01:00:00;189.4566301869147;5.319222450256348;Champs-Elysées
2020-12-13 02:00:00;134.63163143374197;6.381869316101074;Champs-Elysées
2020-12-13 03:00:00;99.85909667726912;4.350157737731934;Champs-Elysées
2020-12-13 04:00:00;66.42151534486403;0.9408997776666699;Champs-Elysées
2020-12-13 05:00:00;65.43772965814009;1.4983214499998776;Champs-Elysées
2020-12-13 06:00:00;63.40770261897144;1.40643536103099;Champs-Elysées
2020-12-13 07:00:00;46.265027821485795;3.4113948345184326;Champs-Elysées
2020-12-13 08:00:00;153.03106703806432;4.146496772766113;Champs-Elysées
2020-12-13 09:00:00;202.0305074691954;9.296500205993652;Champs-Elysées
2020-12-13 10:00:00;223.48309359547147;8.3831148147583;Champs-Elysées
2020-12-13 11:00:00;419.55498881661504;10.863194465637207;Champs-Elysées
2020-12-13 12:00:00;554.0709359092516;10.690133094787598;Champs-Elysées
2020-12-13 13:00:00;702.1404047942365;10.321523666381836;Champs-Elysées
2020-12-13 14:00:00;776.080374519521;13.875124529136256;Champs-Elysées
2020-12-13 15:00:00;812.4251430194861;14.265425786429125;Champs-Elysées
2020-12-13 16:00:00;935.6768769646721;16.598207826580513;Champs-Elysées
2020-12-13 17:00:00;1013.6851584732119;19.359148815286876;Champs-Elysées
2020-12-13 18:00:00;1044.143501301347;20.146705127519947;Champs-Elysées
2020-12-13 19:00:00;1068.11795383971;20.62565428757704;Champs-Elysées
2020-12-13 20:00:00;1013.2587239921913;20.02352869887445;Champs-Elysées
2020-12-13 21:00:00;854.658168163329;14.85827871332935;Champs-Elysées
2020-12-13 22:00:00;649.7555576233809;10.124163599758194;Champs-Elysées
2020-12-13 23:00:00;447.04392146230964;6.223071465214873;Champs-Elysées
2020-12-14 00:00:00;230.11990750536404;3.331902027130127;Champs-Elysées
2020-12-14 01:00:00;161.24238619429096;3.1196504206392395;Champs-Elysées
2020-12-14 02:00:00;110.65288832633505;2.9091457196148918;Champs-Elysées
2020-12-14 03:00:00;91.48902841339059;0.3781101107597351;Champs-Elysées
2020-12-14 04:00:00;79.75476803889282;0.1500146469207443;Champs-Elysées
2020-12-14 05:00:00;77.67005179929427;0.4142021079744085;Champs-Elysées
2020-12-14 06:00:00;78.82218655921497;0.5548447966575623;Champs-Elysées
2020-12-14 07:00:00;187.90122178222884;2.8217837810516357;Champs-Elysées
2020-12-14 08:00:00;588.3105302841308;6.07117223739624;Champs-Elysées
2020-12-14 09:00:00;982.1856541535914;10.086960792541504;Champs-Elysées
2020-12-14 10:00:00;1294.2570629738161;14.871760368347168;Champs-Elysées
2020-12-14 11:00:00;1341.9655276669632;18.78404787733266;Champs-Elysées
2020-12-14 12:00:00;1196.788738864329;17.584841992905837;Champs-Elysées
2020-12-14 13:00:00;1148.7933652831243;17.37823983866829;Champs-Elysées
2020-12-14 14:00:00;1122.9186992127802;16.312881469726562;Champs-Elysées
2020-12-14 15:00:00;1115.8190904145622;16.31074807493857;Champs-Elysées
2020-12-14 16:00:00;1117.922731064701;16.92645835876465;Champs-Elysées
2020-12-14 17:00:00;1123.2944615267093;17.62289580522232;Champs-Elysées
2020-12-14 18:00:00;1061.5835907633668;17.228918287014196;Champs-Elysées
2020-12-14 19:00:00;1099.497002212789;16.798899821647726;Champs-Elysées
2020-12-14 20:00:00;1081.1195392179661;16.428070459825342;Champs-Elysées
2020-12-14 21:00:00;980.9052732129061;12.407557361815035;Champs-Elysées
2020-12-14 22:00:00;658.0339870633427;8.899884385323437;Champs-Elysées
2020-12-14 23:00:00;400.16962516325964;4.362490653991699;Champs-Elysées
2020-12-15 00:00:00;223.10888243706566;3.659397840499878;Champs-Elysées
2020-12-15 01:00:00;160.90756895142744;0.08082598447799683;Champs-Elysées
2020-12-15 02:00:00;144.71273073925994;0.18124908208847046;Champs-Elysées
2020-12-15 03:00:00;100.91717053321;0.811721920967102;Champs-Elysées
2020-12-15 04:00:00;80.06748235266383;0.5436327381425227;Champs-Elysées
2020-12-15 05:00:00;66.44668387790061;0.6349872350692749;Champs-Elysées
2020-12-15 06:00:00;74.36050961909895;0.6349872350692749;Champs-Elysées
2020-12-15 07:00:00;183.02543826468644;1.631951928138733;Champs-Elysées
2020-12-15 08:00:00;583.7294758006419;5.1684160232543945;Champs-Elysées
2020-12-15 09:00:00;988.5331254369827;9.764314500926343;Champs-Elysées
2020-12-15 10:00:00;1317.410864977498;14.291728585753086;Champs-Elysées
2020-12-15 11:00:00;1368.7537599947827;18.687112107941026;Champs-Elysées
2020-12-15 12:00:00;1243.6227192586198;17.543743575461;Champs-Elysées
2020-12-15 13:00:00;1210.5510264006887;17.195168780071317;Champs-Elysées
2020-12-15 14:00:00;1186.9700287411374;17.1053524017334;Champs-Elysées
2020-12-15 15:00:00;1135.8385953183379;16.94423484802246;Champs-Elysées
2020-12-15 16:00:00;1175.4338448929489;17.9609375;Champs-Elysées
2020-12-15 17:00:00;1121.5829188622579;18.499749185218644;Champs-Elysées
2020-12-15 18:00:00;1037.472822990257;17.985400257797192;Champs-Elysées
2020-12-15 19:00:00;1076.2371242195518;17.706855242267196;Champs-Elysées
2020-12-15 20:00:00;1034.9972342499618;17.27482335644064;Champs-Elysées
2020-12-15 21:00:00;915.6145812235224;12.657532309313481;Champs-Elysées
2020-12-15 22:00:00;605.6554452117869;8.842047900846184;Champs-Elysées
2020-12-15 23:00:00;417.9858180375055;1.0641839504241943;Champs-Elysées
2020-12-16 00:00:00;238.23075202934564;0.8336979150772095;Champs-Elysées
2020-12-16 01:00:00;177.00202888339518;1.354552984237671;Champs-Elysées
2020-12-16 02:00:00;139.13157167115833;0.6951969140188123;Champs-Elysées
2020-12-16 03:00:00;123.49054361133295;0.3832121193408966;Champs-Elysées
2020-12-16 04:00:00;88.65596845374074;0.30471199197053167;Champs-Elysées
2020-12-16 05:00:00;84.61392834054222;0.390628844499588;Champs-Elysées
2020-12-16 06:00:00;79.23315974289784;0.390628844499588;Champs-Elysées
2020-12-16 07:00:00;187.64154577100464;2.6575679779052734;Champs-Elysées
2020-12-16 08:00:00;556.5574369643339;8.34446907043457;Champs-Elysées
2020-12-16 09:00:00;923.2543251740278;14.89629077911377;Champs-Elysées
2020-12-16 10:00:00;1193.6658977192221;21.059511184692383;Champs-Elysées
2020-12-16 11:00:00;1290.0800330537195;24.51201057434082;Champs-Elysées
2020-12-16 12:00:00;1173.0734014789145;25.453550338745117;Champs-Elysées
2020-12-16 13:00:00;1182.2019051417835;24.795063018798828;Champs-Elysées
2020-12-16 14:00:00;1147.245200410774;26.36383819580078;Champs-Elysées
2020-12-16 15:00:00;1156.3147810679063;20.30628204345703;Champs-Elysées
2020-12-16 16:00:00;1188.8644454448495;18.884258270263672;Champs-Elysées
2020-12-16 17:00:00;1181.8671401496;18.669651333393755;Champs-Elysées
2020-12-16 18:00:00;1149.9190422075158;18.16257518329221;Champs-Elysées
2020-12-16 19:00:00;1129.4990526830243;17.884030167762212;Champs-Elysées
2020-12-16 20:00:00;1121.7527725875836;17.10479634031919;Champs-Elysées
2020-12-16 21:00:00;984.0038375010238;12.947281408031015;Champs-Elysées
2020-12-16 22:00:00;648.7818094821837;10.15602608217224;Champs-Elysées
2020-12-16 23:00:00;463.01500552987113;1.3184192180633545;Champs-Elysées
2020-12-17 00:00:00;249.27814200306642;0.820014238357544;Champs-Elysées
2020-12-11 01:00:00;233.2877960205078;2.2292380778257055;Convention
2020-12-11 02:00:00;183.94630432128906;1.7703296671122557;Convention
2020-12-11 03:00:00;128.29730224609375;1.7662831911924144;Convention
2020-12-11 04:00:00;116.79574584960938;1.7662831911924144;Convention
2020-12-11 05:00:00;110.92896270751953;1.671441588006622;Convention
2020-12-11 06:00:00;110.92896270751953;1.669368218482322;Convention
2020-12-11 07:00:00;133.7061734283748;1.9478138861849175;Convention
2020-12-11 08:00:00;260.5603441436482;2.680245766745058;Convention
2020-12-11 09:00:00;530.6697458013606;3.8768355555215503;Convention
2020-12-11 10:00:00;789.8114984260228;6.454738519451068;Convention
2020-12-11 11:00:00;778.4776542732301;6.603168177611917;Convention
2020-12-11 12:00:00;782.802734375;4.677472540825244;Convention
2020-12-11 13:00:00;792.8046808477746;5.959672587736849;Convention
2020-12-11 14:00:00;861.2593994140625;5.872257759590983;Convention
2020-12-11 15:00:00;877.6617431640625;6.008564045449138;Convention
2020-12-11 16:00:00;884.0599063816846;7.28651989253763;Convention
2020-12-11 17:00:00;862.365014551232;7.44372605549321;Convention
2020-12-11 18:00:00;907.9510498046875;8.092769034230745;Convention
2020-12-11 19:00:00;893.4616088867188;9.927704181144613;Convention
2020-12-11 20:00:00;893.4616088867188;7.999396383764421;Convention
2020-12-11 21:00:00;968.7312622070312;7.233297016911582;Convention
2020-12-11 22:00:00;697.7482299804688;5.9717005991480505;Convention
2020-12-11 23:00:00;431.3172302246094;2.4995447894552916;Convention
2020-12-12 00:00:00;324.4894714355469;2.2292380778257055;Convention
2020-12-12 01:00:00;233.2877960205078;1.7895398373205265;Convention
2020-12-12 02:00:00;239.88121032714844;1.9225072183823082;Convention
2020-12-12 03:00:00;212.97361755371094;1.8062831911924144;Convention
2020-12-12 04:00:00;159.89031982421875;1.7662831911924144;Convention
2020-12-12 05:00:00;124.40394592285156;1.7732071701828707;Convention
2020-12-12 06:00:00;110.92896270751953;1.7732071701828707;Convention
2020-12-12 07:00:00;110.93545709347136;1.7732071701828707;Convention
2020-12-12 08:00:00;180.87134871539683;1.875721786532782;Convention
2020-12-12 09:00:00;308.6926161452109;2.4738235239806907;Convention
2020-12-12 10:00:00;403.1459219656693;3.4100490864825774;Convention
2020-12-12 11:00:00;533.4942570562546;3.8865005852664405;Convention
2020-12-12 12:00:00;602.5020339140872;4.298863444452104;Convention
2020-12-12 13:00:00;733.2031860351562;5.220700941728083;Convention
2020-12-12 14:00:00;807.0437527347235;5.220700941728083;Convention
2020-12-12 15:00:00;832.226806640625;5.357007466004816;Convention
2020-12-12 16:00:00;844.0799417731388;5.489136789516528;Convention
2020-12-12 17:00:00;793.2813720703125;6.079735835025452;Convention
2020-12-12 18:00:00;877.6617431640625;7.265970510676416;Convention
2020-12-12 19:00:00;848.0266723632812;6.2571521741906;Convention
2020-12-12 20:00:00;848.0266723632812;7.067938494624048;Convention
2020-12-12 21:00:00;809.0812377929688;5.572286872873484;Convention
2020-12-12 22:00:00;697.7482299804688;4.011096230697499;Convention
2020-12-12 23:00:00;431.3172302246094;2.9574206961251113;Convention
2020-12-13 00:00:00;280.5531750833459;1.974833296684113;Convention
2020-12-13 01:00:00;282.8294677734375;2.155339523977439;Convention
2020-12-13 02:00:00;208.4512176513672;1.7703296671122557;Convention
2020-12-13 03:00:00;245.43055725097656;1.3174535916724217;Convention
2020-12-13 04:00:00;159.89031982421875;1.0510336229684611;Convention
2020-12-13 05:00:00;124.40394592285156;1.0304878566440603;Convention
2020-12-13 06:00:00;110.92896270751953;1.0304878566440603;Convention
2020-12-13 07:00:00;116.40714748700216;1.0304878566440603;Convention
2020-12-13 08:00:00;147.61655211123636;1.0304878566440603;Convention
2020-12-13 09:00:00;158.0538017665462;1.2530771408256551;Convention
2020-12-13 10:00:00;204.16048318138394;2.075453712947634;Convention
2020-12-13 11:00:00;262.57976746882684;2.4533869508645227;Convention
2020-12-13 12:00:00;391.94694057315877;2.814125767835378;Convention
2020-12-13 13:00:00;518.7756369384421;3.133353812716967;Convention
2020-12-13 14:00:00;719.7875366210938;3.9800552656037684;Convention
2020-12-13 15:00:00;610.2718505859375;3.555656364294016;Convention
2020-12-13 16:00:00;678.1727564959343;4.0276926213769375;Convention
2020-12-13 17:00:00;719.6260375976562;4.553345743375882;Convention
2020-12-13 18:00:00;690.0189208984375;5.548136930542848;Convention
2020-12-13 19:00:00;791.694580078125;5.548136930542848;Convention
2020-12-13 20:00:00;752.7491455078125;5.387415143222204;Convention
2020-12-13 21:00:00;735.4259033203125;4.138312450048751;Convention
2020-12-13 22:00:00;575.9111754958424;3.3783757048103276;Convention
2020-12-13 23:00:00;361.6766662597656;2.425646235607025;Convention
2020-12-14 00:00:00;310.8138147068557;1.974833296684113;Convention
2020-12-14 01:00:00;191.70603942871094;1.7895398373205265;Convention
2020-12-14 02:00:00;140.8517303466797;2.9517402750033073;Convention
2020-12-14 03:00:00;88.28231811523438;1.7662831911924144;Convention
2020-12-14 04:00:00;85.80413818359375;1.7662831911924144;Convention
2020-12-14 05:00:00;79.9373550415039;1.671441588006622;Convention
2020-12-14 06:00:00;79.9373550415039;1.669368218482322;Convention
2020-12-14 07:00:00;136.01682659400083;1.9478138861849175;Convention
2020-12-14 08:00:00;301.6652091100403;2.8604782372132975;Convention
2020-12-14 09:00:00;562.3882446289062;5.076247793712232;Convention
2020-12-14 10:00:00;790.6033185789623;6.689648288669563;Convention
2020-12-14 11:00:00;782.802734375;5.872257759590983;Convention
2020-12-14 12:00:00;664.293701171875;5.686652314918959;Convention
2020-12-14 13:00:00;783.914472110653;5.686652314918959;Convention
2020-12-14 14:00:00;801.9067399736178;5.599310038101223;Convention
2020-12-14 15:00:00;832.226806640625;5.822958600777113;Convention
2020-12-14 16:00:00;800.4074308104467;5.837652943869566;Convention
2020-12-14 17:00:00;832.226806640625;7.028527490963791;Convention
2020-12-14 18:00:00;880.5618952877727;7.677570231282747;Convention
2020-12-14 19:00:00;900.2178452746193;8.09509679317705;Convention
2020-12-14 20:00:00;897.7979310328245;7.734720426560864;Convention
2020-12-14 21:00:00;848.0266723632812;5.8889842470324805;Convention
2020-12-14 22:00:00;660.885986328125;3.654393185482106;Convention
2020-12-14 23:00:00;460.70068359375;2.4995447894552916;Convention
2020-12-15 00:00:00;242.70846557617188;1.637362286050474;Convention
2020-12-15 01:00:00;150.29983520507812;1.428909465272581;Convention
2020-12-15 02:00:00;142.76106202020057;1.5039097282106173;Convention
2020-12-15 03:00:00;101.41606140136719;1.7662831911924144;Convention
2020-12-15 04:00:00;72.4743423461914;1.7662831911924144;Convention
2020-12-15 05:00:00;53.056114196777344;1.671441588006622;Convention
2020-12-15 06:00:00;53.056114196777344;1.669368218482322;Convention
2020-12-15 07:00:00;116.37368293243144;1.9478138861849175;Convention
2020-12-15 08:00:00;319.0896914012166;2.8604782372132975;Convention
2020-12-15 09:00:00;563.1456061148243;4.907491581979588;Convention
2020-12-15 10:00:00;782.802734375;5.686652314918959;Convention
2020-12-15 11:00:00;669.9485836517638;5.686652314918959;Convention
2020-12-15 12:00:00;743.8572998046875;5.686652314918959;Convention
2020-12-15 13:00:00;757.5659156464799;5.686652314918959;Convention
2020-12-15 14:00:00;801.9067399736178;5.686652314918959;Convention
2020-12-15 15:00:00;832.226806640625;5.822958600777113;Convention
2020-12-15 16:00:00;890.473696832786;8.119990593772581;Convention
2020-12-15 17:00:00;832.226806640625;7.431442738431389;Convention
2020-12-15 18:00:00;877.6617431640625;7.822492838757927;Convention
2020-12-15 19:00:00;968.7312622070312;13.190399509187097;Convention
2020-12-15 20:00:00;968.7312622070312;9.279126849624806;Convention
2020-12-15 21:00:00;859.0989379882812;5.8889842470324805;Convention
2020-12-15 22:00:00;689.2188720703125;4.0686392597967735;Convention
2020-12-15 23:00:00;353.38632129964185;2.020785316652457;Convention
2020-12-16 00:00:00;245.92730712890625;1.7663805355108646;Convention
2020-12-16 01:00:00;145.55877685546875;1.5810870165426334;Convention
2020-12-16 02:00:00;142.76106202020057;4.074915025177434;Convention
2020-12-16 03:00:00;101.41606140136719;4.4106454619017;Convention
2020-12-16 04:00:00;101.41606140136719;4.4106454619017;Convention
2020-12-16 05:00:00;291.65972900390625;4.315803858715907;Convention
2020-12-16 06:00:00;291.65972900390625;4.313730489191607;Convention
2020-12-16 07:00:00;458.00161162127773;4.50210209454679;Convention
2020-12-16 08:00:00;497.2918091690726;4.50210209454679;Convention
2020-12-16 09:00:00;576.5761108398438;4.724691348926062;Convention
2020-12-16 10:00:00;649.1695438473635;5.2072911872178675;Convention
2020-12-16 11:00:00;672.1044219321851;5.2477533548964725;Convention
2020-12-16 12:00:00;672.1044219321851;5.2477533548964725;Convention
2020-12-16 13:00:00;686.4314485067297;5.2477533548964725;Convention
2020-12-16 14:00:00;744.8667590153941;5.395101758827137;Convention
2020-12-16 15:00:00;748.6974354786822;5.531408044685291;Convention
2020-12-16 16:00:00;784.3944794972073;5.776232600403485;Convention
2020-12-16 17:00:00;767.5378424470402;6.4541736843115665;Convention
2020-12-16 18:00:00;767.5378424470402;6.544247746658979;Convention
2020-12-16 19:00:00;773.2459108846108;6.961774308553283;Convention
2020-12-16 20:00:00;777.3445407826933;6.181449498021432;Convention
2020-12-16 21:00:00;764.859238395899;5.684775967758394;Convention
2020-12-16 22:00:00;695.2835083007812;4.638920312286581;Convention
2020-12-16 23:00:00;552.1451018801275;3.7334948829424035;Convention
2020-12-17 00:00:00;500.5120544433594;3.7334948829424035;Convention
2020-12-11 01:00:00;140.92457580566406;1.663174033164978;Saint-Pères
2020-12-11 02:00:00;105.272705078125;1.1689882278442383;Saint-Pères
2020-12-11 03:00:00;63.44374465942383;0.9610826969146729;Saint-Pères
2020-12-11 04:00:00;36.86781311035156;0.48427772521972656;Saint-Pères
2020-12-11 05:00:00;25.01627540588379;0.4577672481536865;Saint-Pères
2020-12-11 06:00:00;38.870174407958984;0.48427772521972656;Saint-Pères
2020-12-11 07:00:00;80.23312664271062;0.7881894111633301;Saint-Pères
2020-12-11 08:00:00;206.67739625248876;2.2139307729223896;Saint-Pères
2020-12-11 09:00:00;407.42565812752343;6.6057233810424805;Saint-Pères
2020-12-11 10:00:00;592.6447570428803;8.95032787322998;Saint-Pères
2020-12-11 11:00:00;653.737527060731;9.69262981414795;Saint-Pères
2020-12-11 12:00:00;613.1028500258509;9.18678208781148;Saint-Pères
2020-12-11 13:00:00;608.7622972014825;9.872031211853027;Saint-Pères
2020-12-11 14:00:00;664.3076171875;10.1359281539917;Saint-Pères
2020-12-11 15:00:00;663.8731689453125;11.062149047851562;Saint-Pères
2020-12-11 16:00:00;645.7191772460938;9.195268163808084;Saint-Pères
2020-12-11 17:00:00;663.8731689453125;9.126402854919434;Saint-Pères
2020-12-11 18:00:00;689.6670065602065;9.818438529968262;Saint-Pères
2020-12-11 19:00:00;664.3076171875;9.126402854919434;Saint-Pères
2020-12-11 20:00:00;666.5989142684069;9.126402854919434;Saint-Pères
2020-12-11 21:00:00;638.7530858660705;8.343976974487305;Saint-Pères
2020-12-11 22:00:00;643.3384399414062;7.98791938910438;Saint-Pères
2020-12-11 23:00:00;307.96007859538616;3.863027334213257;Saint-Pères
2020-12-12 00:00:00;163.3288116455078;2.0248031616210938;Saint-Pères
2020-12-12 01:00:00;148.2464141845703;1.663174033164978;Saint-Pères
2020-12-12 02:00:00;148.2464141845703;1.663174033164978;Saint-Pères
2020-12-12 03:00:00;132.83321401959762;1.5220509767532349;Saint-Pères
2020-12-12 04:00:00;65.86247253417969;0.8614933490753174;Saint-Pères
2020-12-12 05:00:00;57.35332107543945;0.7526543610605243;Saint-Pères
2020-12-12 06:00:00;38.870174407958984;0.5506774187088013;Saint-Pères
2020-12-12 07:00:00;73.47635241508274;0.6947933435440063;Saint-Pères
2020-12-12 08:00:00;83.79515670891799;0.7881894111633301;Saint-Pères
2020-12-12 09:00:00;167.05745769602768;1.7221422584302473;Saint-Pères
2020-12-12 10:00:00;282.0287925014784;3.4323050975558638;Saint-Pères
2020-12-12 11:00:00;369.8022766113281;5.446347713470459;Saint-Pères
2020-12-12 12:00:00;528.9502361656427;8.649258613586426;Saint-Pères
2020-12-12 13:00:00;601.9165354897158;9.766334533691406;Saint-Pères
2020-12-12 14:00:00;600.3872726431687;10.277718544006348;Saint-Pères
2020-12-12 15:00:00;649.136356508883;9.778231620788574;Saint-Pères
2020-12-12 16:00:00;614.0652110370231;9.630526542663574;Saint-Pères
2020-12-12 17:00:00;630.3600051526034;8.577520370483398;Saint-Pères
2020-12-12 18:00:00;599.1469943267138;10.961276054382324;Saint-Pères
2020-12-12 19:00:00;603.4076067270989;11.397671699523926;Saint-Pères
2020-12-12 20:00:00;607.781639945048;7.6411994077708005;Saint-Pères
2020-12-12 21:00:00;631.4476257861311;8.039957721016092;Saint-Pères
2020-12-12 22:00:00;562.1268310546875;6.434685820075454;Saint-Pères
2020-12-12 23:00:00;229.0003204345703;2.535156488418579;Saint-Pères
2020-12-13 00:00:00;110.15384674072266;1.5783345699310303;Saint-Pères
2020-12-13 01:00:00;139.1885223388672;1.663174033164978;Saint-Pères
2020-12-13 02:00:00;139.1885223388672;1.663174033164978;Saint-Pères
2020-12-13 03:00:00;131.8666534423828;1.663174033164978;Saint-Pères
2020-12-13 04:00:00;105.1634292602539;1.3784546852111816;Saint-Pères
2020-12-13 05:00:00;50.10535430908203;0.6947933435440063;Saint-Pères
2020-12-13 06:00:00;38.870174407958984;0.48427772521972656;Saint-Pères
2020-12-13 07:00:00;55.500632510638404;0.6187969011830434;Saint-Pères
2020-12-13 08:00:00;62.17110567629621;0.6529968033807084;Saint-Pères
2020-12-13 09:00:00;118.86448438068814;1.4033326050854076;Saint-Pères
2020-12-13 10:00:00;148.95618210690353;1.467314979398238;Saint-Pères
2020-12-13 11:00:00;195.2724973330984;2.0936868047703876;Saint-Pères
2020-12-13 12:00:00;313.6711958573456;3.474269390106201;Saint-Pères
2020-12-13 13:00:00;395.2711459321076;4.836666584014893;Saint-Pères
2020-12-13 14:00:00;468.2604188096914;5.433139801025391;Saint-Pères
2020-12-13 15:00:00;496.9833068847656;5.49452596695481;Saint-Pères
2020-12-13 16:00:00;564.6627197265625;5.668012248657205;Saint-Pères
2020-12-13 17:00:00;540.4698486328125;8.402607808083705;Saint-Pères
2020-12-13 18:00:00;546.7112368114945;9.198018087514898;Saint-Pères
2020-12-13 19:00:00;599.8535112877483;9.566555541730036;Saint-Pères
2020-12-13 20:00:00;564.0941716413793;8.216643595077505;Saint-Pères
2020-12-13 21:00:00;564.0941716413793;7.520997207584999;Saint-Pères
2020-12-13 22:00:00;424.10113525390625;4.966499738017534;Saint-Pères
2020-12-13 23:00:00;276.7997986210111;3.3596091270446777;Saint-Pères
2020-12-14 00:00:00;138.03927612304688;1.4171639680862427;Saint-Pères
2020-12-14 01:00:00;92.09664154052734;1.1689882278442383;Saint-Pères
2020-12-14 02:00:00;46.38557434082031;0.7943826913833618;Saint-Pères
2020-12-14 03:00:00;40.0090217590332;0.7072241902351379;Saint-Pères
2020-12-14 04:00:00;23.828338623046875;0.41118350625038147;Saint-Pères
2020-12-14 05:00:00;25.01627540588379;0.4577672481536865;Saint-Pères
2020-12-14 06:00:00;25.01627540588379;0.4577672481536865;Saint-Pères
2020-12-14 07:00:00;76.18321725365747;0.8451516783365536;Saint-Pères
2020-12-14 08:00:00;207.75465393066406;2.603413684592247;Saint-Pères
2020-12-14 09:00:00;440.7354431152344;6.949154853820801;Saint-Pères
2020-12-14 10:00:00;595.3569946289062;10.5884510081182;Saint-Pères
2020-12-14 11:00:00;674.6738891601562;10.081034660339355;Saint-Pères
2020-12-14 12:00:00;708.3370361328125;8.531902313232422;Saint-Pères
2020-12-14 13:00:00;651.5363055662139;10.694026920195437;Saint-Pères
2020-12-14 14:00:00;672.3224852304811;12.157423077932583;Saint-Pères
2020-12-14 15:00:00;626.1799419835539;11.00120302931915;Saint-Pères
2020-12-14 16:00:00;654.0661492381372;10.028923034667969;Saint-Pères
2020-12-14 17:00:00;656.6324870610435;11.101846314694152;Saint-Pères
2020-12-14 18:00:00;717.640625;12.91674355447259;Saint-Pères
2020-12-14 19:00:00;663.8147375709282;10.646555532257853;Saint-Pères
2020-12-14 20:00:00;631.8930998723101;8.401653871949753;Saint-Pères
2020-12-14 21:00:00;678.0356431192374;8.719729309288425;Saint-Pères
2020-12-14 22:00:00;592.8954467773438;6.130038514942756;Saint-Pères
2020-12-14 23:00:00;275.2866410901613;3.3596091270446777;Saint-Pères
2020-12-15 00:00:00;134.64035034179688;1.4171639680862427;Saint-Pères
2020-12-15 01:00:00;104.70077233437847;1.2631843090057373;Saint-Pères
2020-12-15 02:00:00;56.60953903198242;0.7943826913833618;Saint-Pères
2020-12-15 03:00:00;42.85996627807617;0.7633215188980103;Saint-Pères
2020-12-15 04:00:00;26.045291900634766;0.4577672481536865;Saint-Pères
2020-12-15 05:00:00;24.913007736206055;0.3428449400367931;Saint-Pères
2020-12-15 06:00:00;25.196706771850586;0.3428449400367931;Saint-Pères
2020-12-15 07:00:00;76.61439386876455;0.6947933435440063;Saint-Pères
2020-12-15 08:00:00;195.7119903564453;2.212870715303796;Saint-Pères
2020-12-15 09:00:00;442.65108577292705;6.958144664764404;Saint-Pères
2020-12-15 10:00:00;610.2165524184228;10.398478669620392;Saint-Pères
2020-12-15 11:00:00;656.1882778535693;12.421388768317595;Saint-Pères
2020-12-15 12:00:00;656.1882778535693;12.320688052208496;Saint-Pères
2020-12-15 13:00:00;670.9053955078125;13.185370050518056;Saint-Pères
2020-12-15 14:00:00;675.0723634192965;12.222324796152519;Saint-Pères
2020-12-15 15:00:00;675.0723634192965;12.431068835776133;Saint-Pères
2020-12-15 16:00:00;708.5929370055031;12.016863821434432;Saint-Pères
2020-12-15 17:00:00;678.9631671863222;12.586725763276524;Saint-Pères
2020-12-15 18:00:00;711.3045654296875;13.573122319768126;Saint-Pères
2020-12-15 19:00:00;696.520381792757;11.638314505150971;Saint-Pères
2020-12-15 20:00:00;687.2037036096754;12.141532240365454;Saint-Pères
2020-12-15 21:00:00;600.3849684723789;7.884630891927768;Saint-Pères
2020-12-15 22:00:00;553.7874145507812;6.13491742382353;Saint-Pères
2020-12-15 23:00:00;262.51466660122577;2.9801363945007324;Saint-Pères
2020-12-16 00:00:00;167.8876751445469;2.0248031616210938;Saint-Pères
2020-12-16 01:00:00;125.39357552013074;1.5220509767532349;Saint-Pères
2020-12-16 02:00:00;104.70077233437847;1.2631843090057373;Saint-Pères
2020-12-16 03:00:00;56.60953903198242;0.7943826913833618;Saint-Pères
2020-12-16 04:00:00;42.85996627807617;0.7633215188980103;Saint-Pères
2020-12-16 05:00:00;22.27364730834961;2.212870715303796;Saint-Pères
2020-12-16 06:00:00;22.27364730834961;10.541347995019361;Saint-Pères
2020-12-16 07:00:00;298.80647068204246;15.261499404907227;Saint-Pères
2020-12-16 08:00:00;343.9750474322678;15.361989974975586;Saint-Pères
2020-12-16 09:00:00;527.6720281763713;16.48299217224121;Saint-Pères
2020-12-16 10:00:00;613.4208182837468;18.599998474121094;Saint-Pères
2020-12-16 11:00:00;661.7106400463404;20.053430557250977;Saint-Pères
2020-12-16 12:00:00;661.7106400463404;20.053430557250977;Saint-Pères
2020-12-16 13:00:00;661.8951416015625;22.593006134033203;Saint-Pères
2020-12-16 14:00:00;722.324951171875;22.593006134033203;Saint-Pères
2020-12-16 15:00:00;722.324951171875;22.593006134033203;Saint-Pères
2020-12-16 16:00:00;722.324951171875;22.593006134033203;Saint-Pères
2020-12-16 17:00:00;722.324951171875;21.933531671229403;Saint-Pères
2020-12-16 18:00:00;708.6395429801486;21.376349943155645;Saint-Pères
2020-12-16 19:00:00;713.3192962948364;20.291040420532227;Saint-Pères
2020-12-16 20:00:00;713.3192962948364;19.77113914489746;Saint-Pères
2020-12-16 21:00:00;683.3990478515625;19.77113914489746;Saint-Pères
2020-12-16 22:00:00;683.3990478515625;19.77113914489746;Saint-Pères
2020-12-16 23:00:00;427.7480634624046;13.365241709183298;Saint-Pères
2020-12-17 00:00:00;427.7480634624046;8.655487060546875;Saint-Pères