;Datetime;temp;desc;templow;icon;baro;wind;wd;hum;rain;fog;thunder;snow
0;2020-01-12 00:00:00;5,5;Passing clouds.;5;14;1020;17;330;91;0;0;0;0
1;2020-01-12 01:00:00;8;Passing clouds.;5;14;1020;17;330;91;0;0;0;0
2;2020-01-12 02:00:00;8;Passing clouds.;5;14;1020;17;330;91;0;0;0;0
3;2020-01-12 03:00:00;8;Overcast.;6;7;1021;16;330;80;0;0;0;0
4;2020-01-12 04:00:00;7,5;Overcast.;6;7;1021;16;330;80;0;0;0;0
5;2020-01-12 05:00:00;6,5;Overcast.;6;7;1021;16;330;80;0;0;0;0
6;2020-01-12 06:00:00;6;Overcast.;6;7;1021;16;330;80;0;0;0;0
7;2020-01-12 07:00:00;6;Overcast.;6;7;1021;16;330;80;0;0;0;0
8;2020-01-12 08:00:00;6;Overcast.;6;7;1021;16;330;80;0;0;0;0
9;2020-01-12 09:00:00;6;Partly sunny.;6;6;1020;19;330;78;0;0;0;0
10;2020-01-12 10:00:00;6,5;Partly sunny.;6;6;1020;19;330;78;0;0;0;0
11;2020-01-12 11:00:00;7;Partly sunny.;6;6;1020;19;330;78;0;0;0;0
12;2020-01-12 12:00:00;7;Partly sunny.;6;6;1020;19;330;78;0;0;0;0
13;2020-01-12 13:00:00;8;Partly sunny.;6;6;1020;19;330;78;0;0;0;0
14;2020-01-12 14:00:00;8;Partly sunny.;6;6;1020;19;330;78;0;0;0;0
15;2020-01-12 15:00:00;8;Passing clouds.;5;14;1020;17;340;89;0;0;0;0
16;2020-01-12 16:00:00;7,5;Passing clouds.;5;14;1020;17;340;89;0;0;0;0
17;2020-01-12 17:00:00;7;Passing clouds.;5;14;1020;17;340;89;0;0;0;0
18;2020-01-12 18:00:00;6;Passing clouds.;5;14;1020;17;340;89;0;0;0;0
19;2020-01-12 19:00:00;6;Passing clouds.;5;14;1020;17;340;89;0;0;0;0
20;2020-01-12 20:00:00;6;Passing clouds.;5;14;1020;17;340;89;0;0;0;0
21;2020-01-12 21:00:00;5,5;Overcast.;6;17;1019;16;0;89;0;0;0;0
22;2020-01-12 22:00:00;5;Overcast.;6;17;1019;16;0;89;0;0;0;0
23;2020-01-12 23:00:00;6;Overcast.;6;17;1019;16;0;89;0;0;0;0
24;2020-02-12 00:00:00;6;Overcast.;6;17;1019;16;0;89;0;0;0;0
25;2020-02-12 01:00:00;6;Overcast.;6;17;1019;16;0;89;0;0;0;0
26;2020-02-12 02:00:00;6;Overcast.;6;17;1019;16;0;89;0;0;0;0
27;2020-02-12 03:00:00;6;Overcast.;6;17;1018;11;350;91;0;0;0;0
28;2020-02-12 04:00:00;6;Overcast.;6;17;1018;11;350;91;0;0;0;0
29;2020-02-12 05:00:00;6;Overcast.;6;17;1018;11;350;91;0;0;0;0
30;2020-02-12 06:00:00;6;Overcast.;6;17;1018;11;350;91;0;0;0;0
31;2020-02-12 07:00:00;6;Overcast.;6;17;1018;11;350;91;0;0;0;0
32;2020-02-12 08:00:00;6;Overcast.;6;17;1018;11;350;91;0;0;0;0
33;2020-02-12 09:00:00;6;More clouds than sun.;7;6;1016;10;340;83;0;0;0;0
34;2020-02-12 10:00:00;6,5;More clouds than sun.;7;6;1016;10;340;83;0;0;0;0
35;2020-02-12 11:00:00;7;More clouds than sun.;7;6;1016;10;340;83;0;0;0;0
36;2020-02-12 12:00:00;7;More clouds than sun.;7;6;1016;10;340;83;0;0;0;0
37;2020-02-12 13:00:00;7;More clouds than sun.;7;6;1016;10;340;83;0;0;0;0
38;2020-02-12 14:00:00;7;More clouds than sun.;7;6;1016;10;340;83;0;0;0;0
39;2020-02-12 15:00:00;7;Clear.;5;13;1014;10;240;90;0;0;0;0
40;2020-02-12 16:00:00;7;Clear.;5;13;1014;10;240;90;0;0;0;0
41;2020-02-12 17:00:00;7;Clear.;5;13;1014;10;240;90;0;0;0;0
42;2020-02-12 18:00:00;6,5;Clear.;5;13;1014;10;240;90;0;0;0;0
43;2020-02-12 19:00:00;6;Clear.;5;13;1014;10;240;90;0;0;0;0
44;2020-02-12 20:00:00;6;Clear.;5;13;1014;10;240;90;0;0;0;0
45;2020-02-12 21:00:00;5;Low clouds.;5;17;1009;12;230;92;0;0;0;0
46;2020-02-12 22:00:00;5;Low clouds.;5;17;1009;12;230;92;0;0;0;0
47;2020-02-12 23:00:00;5;Low clouds.;5;17;1009;12;230;92;0;0;0;0
48;2020-03-12 00:00:00;5;Low clouds.;5;17;1009;12;230;92;0;0;0;0
49;2020-03-12 01:00:00;5;Low clouds.;5;17;1009;12;230;92;0;0;0;0
50;2020-03-12 02:00:00;5;Low clouds.;5;17;1009;12;230;92;0;0;0;0
51;2020-03-12 03:00:00;5;Fog.;5;9;1003;13;200;99;0;1;0;0
52;2020-03-12 04:00:00;5;Fog.;5;9;1003;13;200;99;0;1;0;0
53;2020-03-12 05:00:00;5;Fog.;5;9;1003;13;200;99;0;1;0;0
54;2020-03-12 06:00:00;5;Fog.;5;9;1003;13;200;99;0;1;0;0
55;2020-03-12 07:00:00;5;Fog.;5;9;1003;13;200;99;0;1;0;0
56;2020-03-12 08:00:00;5;Fog.;5;9;1003;13;200;99;0;1;0;0
57;2020-03-12 09:00:00;5;Light rain. Mostly cloudy.;6;18;993;22;180;94;1;0;0;0
58;2020-03-12 10:00:00;5;Light rain. Mostly cloudy.;6;18;993;22;180;94;1;0;0;0
59;2020-03-12 11:00:00;5,5;Light rain. Mostly cloudy.;6;18;993;22;180;94;1;0;0;0
60;2020-03-12 12:00:00;6;Light rain. Mostly cloudy.;6;18;993;22;180;94;1;0;0;0
61;2020-03-12 13:00:00;6;Light rain. Mostly cloudy.;6;18;993;22;180;94;1;0;0;0
62;2020-03-12 14:00:00;6;Light rain. Mostly cloudy.;6;18;993;22;180;94;1;0;0;0
63;2020-03-12 15:00:00;6;Light rain. Mostly cloudy.;7;34;982;26;180;95;1;0;0;0
64;2020-03-12 16:00:00;6;Light rain. Mostly cloudy.;7;34;982;26;180;95;1;0;0;0
65;2020-03-12 17:00:00;6;Light rain. Mostly cloudy.;7;34;982;26;180;95;1;0;0;0
66;2020-03-12 18:00:00;7;Light rain. Mostly cloudy.;7;34;982;26;180;95;1;0;0;0
67;2020-03-12 19:00:00;7;Light rain. Mostly cloudy.;7;34;982;26;180;95;1;0;0;0
68;2020-03-12 20:00:00;7;Light rain. Mostly cloudy.;7;34;982;26;180;95;1;0;0;0
69;2020-03-12 21:00:00;7;Overcast.;4;17;978;26;220;86;0;0;0;0
70;2020-03-12 22:00:00;7;Overcast.;4;17;978;26;220;86;0;0;0;0
71;2020-03-12 23:00:00;7;Overcast.;4;17;978;26;220;86;0;0;0;0
72;2020-04-12 00:00:00;7;Overcast.;4;17;978;26;220;86;0;0;0;0
73;2020-04-12 01:00:00;7;Overcast.;4;17;978;26;220;86;0;0;0;0
74;2020-04-12 02:00:00;7;Overcast.;4;17;978;26;220;86;0;0;0;0
75;2020-04-12 03:00:00;6;Partly sunny.;4;6;982;21;220;80;0;0;0;0
76;2020-04-12 04:00:00;5;Partly sunny.;4;6;982;21;220;80;0;0;0;0
77;2020-04-12 05:00:00;4;Partly sunny.;4;6;982;21;220;80;0;0;0;0
78;2020-04-12 06:00:00;5;Partly sunny.;4;6;982;21;220;80;0;0;0;0
79;2020-04-12 07:00:00;5;Partly sunny.;4;6;982;21;220;80;0;0;0;0
80;2020-04-12 08:00:00;5;Partly sunny.;4;6;982;21;220;80;0;0;0;0
81;2020-04-12 09:00:00;4;Mostly cloudy.;3;6;985;16;190;77;0;0;0;0
82;2020-04-12 10:00:00;4;Mostly cloudy.;3;6;985;16;190;77;0;0;0;0
83;2020-04-12 11:00:00;5;Mostly cloudy.;3;6;985;16;190;77;0;0;0;0
84;2020-04-12 12:00:00;5,5;Mostly cloudy.;3;6;985;16;190;77;0;0;0;0
85;2020-04-12 13:00:00;6,5;Mostly cloudy.;3;6;985;16;190;77;0;0;0;0
86;2020-04-12 14:00:00;6,5;Mostly cloudy.;3;6;985;16;190;77;0;0;0;0
87;2020-04-12 15:00:00;6;Low clouds.;2;17;987;10;180;95;0;0;0;0
88;2020-04-12 16:00:00;5,5;Low clouds.;2;17;987;10;180;95;0;0;0;0
89;2020-04-12 17:00:00;4,5;Low clouds.;2;17;987;10;180;95;0;0;0;0
90;2020-04-12 18:00:00;3,5;Low clouds.;2;17;987;10;180;95;0;0;0;0
91;2020-04-12 19:00:00;3;Low clouds.;2;17;987;10;180;95;0;0;0;0
92;2020-04-12 20:00:00;3;Low clouds.;2;17;987;10;180;95;0;0;0;0
93;2020-04-12 21:00:00;3;Low clouds.;2;17;990;14;190;97;0;0;0;0
94;2020-04-12 22:00:00;3;Low clouds.;2;17;990;14;190;97;0;0;0;0
95;2020-04-12 23:00:00;2,5;Low clouds.;2;17;990;14;190;97;0;0;0;0
96;2020-05-12 00:00:00;2;Low clouds.;2;17;990;14;190;97;0;0;0;0
97;2020-05-12 01:00:00;2;Low clouds.;2;17;990;14;190;97;0;0;0;0
98;2020-05-12 02:00:00;2;Low clouds.;2;17;990;14;190;97;0;0;0;0
99;2020-05-12 03:00:00;2;Mostly cloudy.;2;6;993;16;170;90;0;0;0;0
100;2020-05-12 04:00:00;2;Mostly cloudy.;2;6;993;16;170;90;0;0;0;0
101;2020-05-12 05:00:00;2;Mostly cloudy.;2;6;993;16;170;90;0;0;0;0
102;2020-05-12 06:00:00;2;Mostly cloudy.;2;6;993;16;170;90;0;0;0;0
103;2020-05-12 07:00:00;2,5;Mostly cloudy.;2;6;993;16;170;90;0;0;0;0
104;2020-05-12 08:00:00;3;Mostly cloudy.;2;6;993;16;170;90;0;0;0;0
105;2020-05-12 09:00:00;3;Partly sunny.;4;6;993;19;150;82;0;0;0;0
106;2020-05-12 10:00:00;3,5;Partly sunny.;4;6;993;19;150;82;0;0;0;0
107;2020-05-12 11:00:00;4;Partly sunny.;4;6;993;19;150;82;0;0;0;0
108;2020-05-12 12:00:00;4;Partly sunny.;4;6;993;19;150;82;0;0;0;0
109;2020-05-12 13:00:00;5;Partly sunny.;4;6;993;19;150;82;0;0;0;0
110;2020-05-12 14:00:00;5;Partly sunny.;4;6;993;19;150;82;0;0;0;0
111;2020-05-12 15:00:00;5;Overcast.;5;17;995;16;140;87;0;0;0;0
112;2020-05-12 16:00:00;5;Overcast.;5;17;995;16;140;87;0;0;0;0
113;2020-05-12 17:00:00;5;Overcast.;5;17;995;16;140;87;0;0;0;0
114;2020-05-12 18:00:00;5;Overcast.;5;17;995;16;140;87;0;0;0;0
115;2020-05-12 19:00:00;5;Overcast.;5;17;995;16;140;87;0;0;0;0
116;2020-05-12 20:00:00;5;Overcast.;5;17;995;16;140;87;0;0;0;0
117;2020-05-12 21:00:00;5;Overcast.;3;17;996;12;140;87;0;0;0;0
118;2020-05-12 22:00:00;5;Overcast.;3;17;996;12;140;87;0;0;0;0
119;2020-05-12 23:00:00;5;Overcast.;3;17;996;12;140;87;0;0;0;0
120;2020-06-12 00:00:00;5;Overcast.;3;17;996;12;140;87;0;0;0;0
121;2020-06-12 01:00:00;5;Overcast.;3;17;996;12;140;87;0;0;0;0
122;2020-06-12 02:00:00;5;Overcast.;3;17;996;12;140;87;0;0;0;0
123;2020-06-12 03:00:00;5;Overcast.;4;17;998;11;80;87;0;0;0;0
124;2020-06-12 04:00:00;3,5;Overcast.;4;17;998;11;80;87;0;0;0;0
125;2020-06-12 05:00:00;3;Overcast.;4;17;998;11;80;87;0;0;0;0
126;2020-06-12 06:00:00;4;Overcast.;4;17;998;11;80;87;0;0;0;0
127;2020-06-12 07:00:00;4;Overcast.;4;17;998;11;80;87;0;0;0;0
128;2020-06-12 08:00:00;4;Overcast.;4;17;998;11;80;87;0;0;0;0
129;2020-06-12 09:00:00;4;Partly sunny.;4;6;998;9;90;84;0;0;0;0
130;2020-06-12 10:00:00;4;Partly sunny.;4;6;998;9;90;84;0;0;0;0
131;2020-06-12 11:00:00;4,5;Partly sunny.;4;6;998;9;90;84;0;0;0;0
132;2020-06-12 12:00:00;5;Partly sunny.;4;6;998;9;90;84;0;0;0;0
133;2020-06-12 13:00:00;5,5;Partly sunny.;4;6;998;9;90;84;0;0;0;0
134;2020-06-12 14:00:00;6;Partly sunny.;4;6;998;9;90;84;0;0;0;0
135;2020-06-12 15:00:00;5,5;Clear.;2;13;1000;8;0;93;0;0;0;0
136;2020-06-12 16:00:00;6;Clear.;2;13;1000;8;0;93;0;0;0;0
137;2020-06-12 17:00:00;5;Clear.;2;13;1000;8;0;93;0;0;0;0
138;2020-06-12 18:00:00;4;Clear.;2;13;1000;8;0;93;0;0;0;0
139;2020-06-12 19:00:00;4;Clear.;2;13;1000;8;0;93;0;0;0;0
140;2020-06-12 20:00:00;4;Clear.;2;13;1000;8;0;93;0;0;0;0
141;2020-06-12 21:00:00;3,5;Fog.;1;14;999;6;240;99;0;1;0;0
142;2020-06-12 22:00:00;2,5;Fog.;1;14;999;6;240;99;0;1;0;0
143;2020-06-12 23:00:00;2;Fog.;1;14;999;6;240;99;0;1;0;0
144;2020-07-12 00:00:00;2;Fog.;1;14;999;6;240;99;0;1;0;0
145;2020-07-12 01:00:00;2;Fog.;1;14;999;6;240;99;0;1;0;0
146;2020-07-12 02:00:00;1,5;Fog.;1;14;999;6;240;99;0;1;0;0
147;2020-07-12 03:00:00;1;Fog.;1;9;999;6;160;98;0;1;0;0
148;2020-07-12 04:00:00;1,5;Fog.;1;9;999;6;160;98;0;1;0;0
149;2020-07-12 05:00:00;1,5;Fog.;1;9;999;6;160;98;0;1;0;0
150;2020-07-12 06:00:00;1,5;Fog.;1;9;999;6;160;98;0;1;0;0
151;2020-07-12 07:00:00;2;Fog.;1;9;999;6;160;98;0;1;0;0
152;2020-07-12 08:00:00;2;Fog.;1;9;999;6;160;98;0;1;0;0
153;2020-07-12 09:00:00;2;Partly sunny.;4;6;997;10;210;90;0;0;0;0
154;2020-07-12 10:00:00;2,5;Partly sunny.;4;6;997;10;210;90;0;0;0;0
155;2020-07-12 11:00:00;3;Partly sunny.;4;6;997;10;210;90;0;0;0;0
156;2020-07-12 12:00:00;4;Partly sunny.;4;6;997;10;210;90;0;0;0;0
157;2020-07-12 13:00:00;4,5;Partly sunny.;4;6;997;10;210;90;0;0;0;0
158;2020-07-12 14:00:00;5;Partly sunny.;4;6;997;10;210;90;0;0;0;0
159;2020-07-12 15:00:00;4;Mostly cloudy.;3;17;997;13;70;93;0;0;0;0
160;2020-07-12 16:00:00;4,5;Mostly cloudy.;3;17;997;13;70;93;0;0;0;0
161;2020-07-12 17:00:00;4;Mostly cloudy.;3;17;997;13;70;93;0;0;0;0
162;2020-07-12 18:00:00;4;Mostly cloudy.;3;17;997;13;70;93;0;0;0;0
163;2020-07-12 19:00:00;4;Mostly cloudy.;3;17;997;13;70;93;0;0;0;0
164;2020-07-12 20:00:00;4;Mostly cloudy.;3;17;997;13;70;93;0;0;0;0
165;2020-07-12 21:00:00;3;Mostly cloudy.;2;17;997;11;10;93;0;0;0;0
166;2020-07-12 22:00:00;3;Mostly cloudy.;2;17;997;11;10;93;0;0;0;0
167;2020-07-12 23:00:00;3;Mostly cloudy.;2;17;997;11;10;93;0;0;0;0
168;2020-08-12 00:00:00;3;Mostly cloudy.;2;17;997;11;10;93;0;0;0;0
169;2020-08-12 01:00:00;3;Mostly cloudy.;2;17;997;11;10;93;0;0;0;0
170;2020-08-12 02:00:00;3;Mostly cloudy.;2;17;997;11;10;93;0;0;0;0
171;2020-08-12 03:00:00;2,5;Low clouds.;2;17;1000;12;0;93;0;0;0;0
172;2020-08-12 04:00:00;2;Low clouds.;2;17;1000;12;0;93;0;0;0;0
173;2020-08-12 05:00:00;2;Low clouds.;2;17;1000;12;0;93;0;0;0;0
174;2020-08-12 06:00:00;2;Low clouds.;2;17;1000;12;0;93;0;0;0;0
175;2020-08-12 07:00:00;2;Low clouds.;2;17;1000;12;0;93;0;0;0;0
176;2020-08-12 08:00:00;2;Low clouds.;2;17;1000;12;0;93;0;0;0;0
177;2020-08-12 09:00:00;2;Passing clouds.;2;2;1004;11;300;86;0;0;0;0
178;2020-08-12 10:00:00;2;Passing clouds.;2;2;1004;11;300;86;0;0;0;0
179;2020-08-12 11:00:00;2,5;Passing clouds.;2;2;1004;11;300;86;0;0;0;0
180;2020-08-12 12:00:00;4;Passing clouds.;2;2;1004;11;300;86;0;0;0;0
181;2020-08-12 13:00:00;5;Passing clouds.;2;2;1004;11;300;86;0;0;0;0
182;2020-08-12 14:00:00;5;Passing clouds.;2;2;1004;11;300;86;0;0;0;0
183;2020-08-12 15:00:00;4;Fog.;0;14;1007;6;270;95;0;1;0;0
184;2020-08-12 16:00:00;3;Fog.;0;14;1007;6;270;95;0;1;0;0
185;2020-08-12 17:00:00;2;Fog.;0;14;1007;6;270;95;0;1;0;0
186;2020-08-12 18:00:00;2;Fog.;0;14;1007;6;270;95;0;1;0;0
187;2020-08-12 19:00:00;1;Fog.;0;14;1007;6;270;95;0;1;0;0
188;2020-08-12 20:00:00;1,5;Fog.;0;14;1007;6;270;95;0;1;0;0
189;2020-08-12 21:00:00;0,5;Light fog.;-2;14;1009;4;270;96;0;1;0;0
190;2020-08-12 22:00:00;0,5;Light fog.;-2;14;1009;4;270;96;0;1;0;0
191;2020-08-12 23:00:00;0,5;Light fog.;-2;14;1009;4;270;96;0;1;0;0
192;2020-09-12 00:00:00;0;Light fog.;-2;14;1009;4;270;96;0;1;0;0
193;2020-09-12 01:00:00;0;Light fog.;-2;14;1009;4;270;96;0;1;0;0
194;2020-09-12 02:00:00;-0,5;Light fog.;-2;14;1009;4;270;96;0;1;0;0
195;2020-09-12 03:00:00;-1;Ice fog.;-1;10;1010;6;220;98;0;1;0;0
196;2020-09-12 04:00:00;-1;Ice fog.;-1;10;1010;6;220;98;0;1;0;0
197;2020-09-12 05:00:00;-1,5;Ice fog.;-1;10;1010;6;220;98;0;1;0;0
198;2020-09-12 06:00:00;-0,5;Ice fog.;-1;10;1010;6;220;98;0;1;0;0
199;2020-09-12 07:00:00;-1;Ice fog.;-1;10;1010;6;220;98;0;1;0;0
200;2020-09-12 08:00:00;0;Ice fog.;-1;10;1010;6;220;98;0;1;0;0
201;2020-09-12 09:00:00;0;Fog.;0;9;1010;9;230;99;0;1;0;0
202;2020-09-12 10:00:00;0;Fog.;0;9;1010;9;230;99;0;1;0;0
203;2020-09-12 11:00:00;0;Fog.;0;9;1010;9;230;99;0;1;0;0
204;2020-09-12 12:00:00;0;Fog.;0;9;1010;9;230;99;0;1;0;0
205;2020-09-12 13:00:00;1;Fog.;0;9;1010;9;230;99;0;1;0;0
206;2020-09-12 14:00:00;1,5;Fog.;0;9;1010;9;230;99;0;1;0;0
207;2020-09-12 15:00:00;2;Fog.;2;14;1008;13;200;99;0;1;0;0
208;2020-09-12 16:00:00;2;Fog.;2;14;1008;13;200;99;0;1;0;0
209;2020-09-12 17:00:00;2;Fog.;2;14;1008;13;200;99;0;1;0;0
210;2020-09-12 18:00:00;2,5;Fog.;2;14;1008;13;200;99;0;1;0;0
211;2020-09-12 19:00:00;3;Fog.;2;14;1008;13;200;99;0;1;0;0
212;2020-09-12 20:00:00;2;Fog.;2;14;1008;13;200;99;0;1;0;0
213;2020-09-12 21:00:00;2;Fog.;3;14;1006;16;150;100;0;1;0;0
214;2020-09-12 22:00:00;3;Fog.;3;14;1006;16;150;100;0;1;0;0
215;2020-09-12 23:00:00;3;Fog.;3;14;1006;16;150;100;0;1;0;0
216;2020-10-12 00:00:00;3;Fog.;3;14;1006;16;150;100;0;1;0;0
217;2020-10-12 01:00:00;3;Fog.;3;14;1006;17;150;100;0;1;0;0
218;2020-10-12 02:00:00;3;Fog.;3;14;1006;15;150;100;0;1;0;0
219;2020-10-12 03:00:00;3;Low clouds.;3;14;1006;17;150;100;0;0;0;0
220;2020-10-12 04:00:00;3;Low clouds.;3;14;1006;15;150;100;0;0;0;0
221;2020-10-12 05:00:00;3;Low clouds.;3;14;1006;15;150;100;0;0;0;0
222;2020-10-12 06:00:00;3;Low clouds.;3;14;1006;15;150;100;0;0;0;0
223;2020-10-12 07:00:00;3;Low clouds.;3;14;1006;15;150;100;0;0;0;0
224;2020-10-12 08:00:00;3;Low clouds.;3;14;1006;15;150;93;0;0;0;0
225;2020-10-12 09:00:00;3;Low clouds.;3;14;1006;15;150;93;0;0;0;0
226;2020-10-12 10:00:00;3;Low clouds.;3;14;1006;15;150;93;0;0;0;0
227;2020-10-12 11:00:00;4;Overcast.;3;14;1010;15;150;87;0;0;0;0
228;2020-10-12 12:00:00;5;Overcast.;3;14;1020;15;150;87;0;0;0;0
229;2020-10-12 13:00:00;6;Partly sunny.;3;14;1020;15;150;81;0;0;0;0
230;2020-10-12 14:00:00;6;Partly sunny.;3;14;1020;15;150;81;0;0;0;0
231;2020-10-12 15:00:00;6;Overcast.;4;14;1020;15;150;81;0;0;0;0
232;2020-10-12 16:00:00;6;Overcast.;4;14;1020;15;150;81;0;0;0;0
233;2020-10-12 17:00:00;6;Overcast.;4;14;1020;15;150;81;0;0;0;0
234;2020-10-12 18:00:00;6;Overcast.;4;14;1020;15;150;81;0;0;0;0
235;2020-10-12 19:00:00;4,8;Broken clouds.;4,8;17;1020;12;140;82;0;0;0;0
236;2020-10-12 20:00:00;4,8;Broken clouds.;4,8;17;1020;12;146;83;0;0;0;0
237;2020-10-12 21:00:00;5,4;Broken clouds.;5,4;17;1020;12;156;85;0;0;0;0
238;2020-10-12 22:00:00;5,3;Scattered clouds.;5,3;15;1020;12;164;88;0;0;0;0
239;2020-10-12 23:00:00;5,6;Broken clouds.;5,6;17;1020;12;170;90;0;0;0;0
240;2020-11-12 00:00:00;6,2;Broken clouds.;6,2;17;1020;12;175;90;0;0;0;0
241;2020-11-12 01:00:00;6,4;Mostly cloudy.;6,4;17;1020;12;178;91;0;0;0;0
242;2020-11-12 02:00:00;6,7;Sprinkles. Mostly cloudy.;6,7;34;1020;13;181;91;0;0;0;0
243;2020-11-12 03:00:00;6,9;Sprinkles. Mostly cloudy.;6,9;34;1020;14;182;91;0;0;0;0
244;2020-11-12 04:00:00;7,1;Sprinkles. Mostly cloudy.;7,1;34;1020;15;182;90;0;0;0;0
245;2020-11-12 05:00:00;7,2;Light rain. Mostly cloudy.;7,2;34;1020;17;177;91;1;0;0;0
246;2020-11-12 06:00:00;7,3;Light rain. Mostly cloudy.;7,3;34;1020;17;169;91;1;0;0;0
247;2020-11-12 07:00:00;7,5;Rain. Mostly cloudy.;7,5;19;1020;18;166;90;1;0;0;0
248;2020-11-12 08:00:00;7,5;Light rain. Mostly cloudy.;7,5;18;1020;16;169;91;1;0;0;0
249;2020-11-12 09:00:00;7,5;Light rain. Mostly cloudy.;7,5;18;1020;14;175;92;1;0;0;0
250;2020-11-12 10:00:00;7,6;Light rain. Cloudy.;7,6;18;1020;12;185;92;1;0;0;0
251;2020-11-12 11:00:00;8;Sprinkles. More clouds than sun.;8;18;1020;14;203;94;0;0;0;0
252;2020-11-12 12:00:00;8,9;Sprinkles. More clouds than sun.;8,9;18;1020;14;218;92;0;0;0;0
253;2020-11-12 13:00:00;9,6;Sprinkles. More clouds than sun.;9,6;18;1020;13;231;91;0;0;0;0
254;2020-11-12 14:00:00;10,1;Sprinkles. More clouds than sun.;10,1;18;1020;12;231;91;0;0;0;0
255;2020-11-12 15:00:00;10,6;Sprinkles. More clouds than sun.;10,6;18;1020;11;220;89;0;0;0;0
256;2020-11-12 16:00:00;10,7;Sprinkles. More clouds than sun.;10,7;18;1020;10;214;89;0;0;0;0
257;2020-11-12 17:00:00;10,1;Sprinkles. Mostly cloudy.;10,1;34;1020;10;228;89;0;0;0;0
258;2020-11-12 18:00:00;9,3;Sprinkles. Mostly cloudy.;9,3;34;1020;10;244;91;0;0;0;0
259;2020-11-12 19:00:00;9,1;Sprinkles. Broken clouds.;9,1;34;1020;10;249;90;0;0;0;0
260;2020-11-12 20:00:00;8,9;Cloudy.;8,9;17;1020;10;245;89;0;0;0;0
261;2020-11-12 21:00:00;8,3;Cloudy.;8,3;17;1020;10;237;90;0;0;0;0
262;2020-11-12 22:00:00;7,9;Mostly cloudy.;7,9;17;1020;10;230;92;0;0;0;0
263;2020-11-12 23:00:00;7,9;Sprinkles. Mostly cloudy.;7,9;34;1020;10;224;92;0;0;0;0
264;2020-12-12 00:00:00;8,4;Sprinkles. Mostly cloudy.;8,4;34;1020;11;219;90;0;0;0;0
265;2020-12-12 01:00:00;8,2;Sprinkles. Mostly cloudy.;8,2;34;1020;10;214;92;0;0;0;0
266;2020-12-12 02:00:00;8,2;Sprinkles. Mostly cloudy.;8,2;34;1020;10;209;92;0;0;0;0
267;2020-12-12 03:00:00;8,3;Sprinkles. Mostly cloudy.;8,3;34;1020;9;205;92;0;0;0;0
268;2020-12-12 04:00:00;8,4;Sprinkles. Mostly cloudy.;8,4;34;1020;9;202;92;0;0;0;0
269;2020-12-12 05:00:00;8,4;Sprinkles. Mostly cloudy.;8,4;34;1020;9;207;92;0;0;0;0
270;2020-12-12 06:00:00;8,1;Sprinkles. Mostly cloudy.;8,1;34;1020;8;221;93;0;0;0;0
271;2020-12-12 07:00:00;7,9;Sprinkles. Mostly cloudy.;7,9;34;1020;8;237;93;0;0;0;0
272;2020-12-12 08:00:00;8;Sprinkles. Mostly cloudy.;8;18;1020;8;251;93;0;0;0;0
273;2020-12-12 09:00:00;8,2;Sprinkles. Mostly cloudy.;8,2;18;1020;9;261;93;0;0;0;0
274;2020-12-12 10:00:00;8,4;Sprinkles. Mostly cloudy.;8,4;18;1020;10;270;95;0;0;0;0
275;2020-12-12 11:00:00;8,9;Sprinkles. Mostly cloudy.;8,9;18;1020;11;278;92;0;0;0;0
276;2020-12-12 12:00:00;9,5;Sprinkles. Mostly cloudy.;9,5;18;1020;14;284;90;0;0;0;0
277;2020-12-12 13:00:00;10,1;Sprinkles. Cloudy.;10,1;18;1020;16;288;86;0;0;0;0
278;2020-12-12 14:00:00;10,2;Sprinkles. Cloudy.;10,2;18;1020;17;290;86;0;0;0;0
279;2020-12-12 15:00:00;10,2;Sprinkles. More clouds than sun.;10,2;18;1020;17;292;85;0;0;0;0
280;2020-12-12 16:00:00;9,9;Sprinkles. Mostly cloudy.;9,9;18;1020;17;293;86;0;0;0;0
281;2020-12-12 17:00:00;9,6;Sprinkles. Mostly cloudy.;9,6;34;1020;18;296;85;0;0;0;0
282;2020-12-12 18:00:00;9;Sprinkles. Passing clouds.;9;34;1020;18;300;83;0;0;0;0
283;2020-12-12 19:00:00;8,7;Sprinkles. Passing clouds.;8,7;34;1020;18;302;82;0;0;0;0
284;2020-12-12 20:00:00;7,9;Passing clouds.;7,9;14;1020;17;298;83;0;0;0;0
285;2020-12-12 21:00:00;6,8;Passing clouds.;6,8;14;1020;13;284;85;0;0;0;0
286;2020-12-12 22:00:00;6,3;Partly cloudy.;6,3;15;1020;12;272;85;0;0;0;0
287;2020-12-12 23:00:00;5,8;Partly cloudy.;5,8;15;1020;12;270;85;0;0;0;0
288;2020-12-13 00:00:00;5,5;Partly cloudy.;5,5;15;1020;12;267;87;0;0;0;0
289;2020-12-13 01:00:00;5,3;Partly cloudy.;5,3;15;1020;11;264;86;0;0;0;0
290;2020-12-13 02:00:00;5,2;Passing clouds.;5,2;14;1020;10;261;87;0;0;0;0
291;2020-12-13 03:00:00;5,4;Passing clouds.;5,4;14;1020;10;257;87;0;0;0;0
292;2020-12-13 04:00:00;5,5;Passing clouds.;5,5;14;1020;9;252;87;0;0;0;0
293;2020-12-13 05:00:00;5,1;Passing clouds.;5,1;14;1020;9;245;86;0;0;0;0
294;2020-12-13 06:00:00;4,2;Passing clouds.;4,2;14;1020;9;233;88;0;0;0;0
295;2020-12-13 07:00:00;3,6;Passing clouds.;3,6;14;1020;9;219;89;0;0;0;0
296;2020-12-13 08:00:00;3,4;More sun than clouds.;3,4;2;1020;9;208;89;0;0;0;0
297;2020-12-13 09:00:00;3,4;More sun than clouds.;3,4;2;1020;11;201;89;0;0;0;0
298;2020-12-13 10:00:00;4,1;Mostly cloudy.;4,1;6;1020;13;196;88;0;0;0;0
299;2020-12-13 11:00:00;5,1;More clouds than sun.;5,1;6;1020;14;194;84;0;0;0;0
300;2020-12-13 12:00:00;5,9;More clouds than sun.;5,9;6;1020;16;193;81;0;0;0;0
301;2020-12-13 13:00:00;6,4;Broken clouds.;6,4;6;1020;18;191;79;0;0;0;0
302;2020-12-13 14:00:00;6,7;Partly sunny.;6,7;6;1020;18;188;79;0;0;0;0
303;2020-12-13 15:00:00;6,7;Mostly cloudy.;6,7;6;1020;18;186;80;0;0;0;0
304;2020-12-13 16:00:00;6,7;More clouds than sun.;6,7;6;1020;18;184;81;0;0;0;0
305;2020-12-13 17:00:00;6,7;Broken clouds.;6,7;17;1020;19;181;82;0;0;0;0
306;2020-12-13 18:00:00;6,7;Sprinkles. Partly cloudy.;6,7;34;1020;19;179;84;0;0;0;0
307;2020-12-13 19:00:00;6,8;Sprinkles. Partly cloudy.;6,8;34;1020;20;177;84;0;0;0;0
308;2020-12-13 20:00:00;6,9;Partly cloudy.;6,9;15;1020;19;178;85;0;0;0;0
309;2020-12-13 21:00:00;7,2;Passing clouds.;7,2;14;1020;19;180;84;0;0;0;0
310;2020-12-13 22:00:00;7,4;Passing clouds.;7,4;14;1020;19;182;84;0;0;0;0
311;2020-12-13 23:00:00;7,5;Passing clouds.;7,5;14;1020;19;180;85;0;0;0;0
312;2020-12-14 00:00:00;7,6;Passing clouds.;7,6;14;1020;18;177;86;0;0;0;0
313;2020-12-14 01:00:00;7,8;Passing clouds.;7,8;14;1020;18;175;86;0;0;0;0
314;2020-12-14 02:00:00;8;Passing clouds.;8;14;1020;17;179;84;0;0;0;0
315;2020-12-14 03:00:00;8;Mostly cloudy.;8;17;1020;15;190;84;0;0;0;0
316;2020-12-14 04:00:00;7,9;Broken clouds.;7,9;17;1020;14;198;84;0;0;0;0
317;2020-12-14 05:00:00;8;Sprinkles. Broken clouds.;8;34;1020;14;196;84;0;0;0;0
318;2020-12-14 06:00:00;8,1;Sprinkles. Broken clouds.;8,1;34;1020;14;190;85;0;0;0;0
319;2020-12-14 07:00:00;8,1;Sprinkles. Mostly cloudy.;8,1;34;1020;14;187;86;0;0;0;0
320;2020-12-14 08:00:00;8,2;Light rain. More clouds than sun.;8,2;18;1020;14;191;86;1;0;0;0
321;2020-12-14 09:00:00;8,2;Light rain. More clouds than sun.;8,2;18;1020;15;195;86;1;0;0;0
322;2020-12-14 10:00:00;8,4;Light rain. More clouds than sun.;8,4;18;1020;15;197;86;1;0;0;0
323;2020-12-14 11:00:00;8,8;Sprinkles. More clouds than sun.;8,8;18;1020;16;195;86;0;0;0;0
324;2020-12-14 12:00:00;9;Sprinkles. More clouds than sun.;9;18;1020;17;191;88;0;0;0;0
325;2020-12-14 13:00:00;9,1;Sprinkles. More clouds than sun.;9,1;18;1020;17;188;89;0;0;0;0
326;2020-12-14 14:00:00;9,2;Broken clouds.;9,2;6;1020;17;188;89;0;0;0;0
327;2020-12-14 15:00:00;9,4;Broken clouds.;9,4;6;1020;16;189;87;0;0;0;0
328;2020-12-14 16:00:00;9,5;Partly sunny.;9,5;6;1020;16;189;87;0;0;0;0
329;2020-12-14 17:00:00;9,6;Passing clouds.;9,6;14;1020;15;186;87;0;0;0;0
330;2020-12-14 18:00:00;9,7;Passing clouds.;9,7;14;1020;14;181;87;0;0;0;0
331;2020-12-14 19:00:00;9,7;Passing clouds.;9,7;14;1020;14;178;87;0;0;0;0
332;2020-12-14 20:00:00;9,6;Passing clouds.;9,6;14;1020;13;181;87;0;0;0;0
333;2020-12-14 21:00:00;9,4;Passing clouds.;9,4;14;1020;13;187;89;0;0;0;0
334;2020-12-14 22:00:00;9,2;Passing clouds.;9,2;14;1020;12;189;89;0;0;0;0
335;2020-12-14 23:00:00;9,1;Passing clouds.;9,1;14;1020;11;185;90;0;0;0;0
336;2020-12-15 00:00:00;9,1;Passing clouds.;9,1;14;1020;10;180;90;0;0;0;0
337;2020-12-15 01:00:00;9;Broken clouds.;9;17;1020;10;174;90;0;0;0;0
338;2020-12-15 02:00:00;9;Broken clouds.;9;17;1020;10;170;91;0;0;0;0
339;2020-12-15 03:00:00;9,2;Broken clouds.;9,2;17;1020;11;168;91;0;0;0;0
340;2020-12-15 04:00:00;9,2;Broken clouds.;9,2;17;1020;11;166;92;0;0;0;0
341;2020-12-15 05:00:00;9,3;Mostly cloudy.;9,3;17;1020;11;165;92;0;0;0;0
342;2020-12-15 06:00:00;9,3;Mostly cloudy.;9,3;17;1020;11;165;92;0;0;0;0
343;2020-12-15 07:00:00;9,4;Mostly cloudy.;9,4;17;1020;11;167;91;0;0;0;0
344;2020-12-15 08:00:00;9,5;Sprinkles. Mostly cloudy.;9,5;18;1020;11;172;92;0;0;0;0
345;2020-12-15 09:00:00;9,6;Light rain. Broken clouds.;9,6;18;1020;11;178;92;1;0;0;0
346;2020-12-15 10:00:00;9,7;Light rain. More clouds than sun.;9,7;18;1020;11;187;92;1;0;0;0
347;2020-12-15 11:00:00;10,1;Light rain. More clouds than sun.;10,1;18;1020;12;203;90;1;0;0;0
348;2020-12-15 12:00:00;10,5;Light rain. Mostly cloudy.;10,5;18;1020;13;226;88;1;0;0;0
349;2020-12-15 13:00:00;10,7;Sprinkles. Mostly cloudy.;10,7;18;1020;14;234;86;0;0;0;0
350;2020-12-15 14:00:00;10,9;More clouds than sun.;10,9;6;1020;15;229;85;0;0;0;0
351;2020-12-15 15:00:00;10,9;More sun than clouds.;10,9;2;1020;16;223;83;0;0;0;0
352;2020-12-15 16:00:00;10,8;More sun than clouds.;10,8;2;1020;17;219;82;0;0;0;0
353;2020-12-15 17:00:00;10,3;Passing clouds.;10,3;14;1020;17;216;83;0;0;0;0
354;2020-12-15 18:00:00;9,9;Scattered clouds.;9,9;15;1020;17;214;83;0;0;0;0
355;2020-12-15 19:00:00;10;Scattered clouds.;10;15;1020;17;212;82;0;0;0;0
356;2020-12-15 20:00:00;9,6;Passing clouds.;9,6;14;1020;17;209;82;0;0;0;0
357;2020-12-15 21:00:00;9,1;Passing clouds.;9,1;14;1020;16;204;83;0;0;0;0
358;2020-12-15 22:00:00;8,9;Passing clouds.;8,9;14;1020;16;201;83;0;0;0;0
359;2020-12-15 23:00:00;8,8;Passing clouds.;8,8;14;1020;18;200;83;0;0;0;0
360;2020-12-16 00:00:00;8,7;Passing clouds.;8,7;14;1020;19;200;84;0;0;0;0
361;2020-12-16 01:00:00;8,6;Passing clouds.;8,6;14;1020;21;200;85;0;0;0;0
362;2020-12-16 02:00:00;8,4;Passing clouds.;8,4;14;1020;19;199;86;0;0;0;0
363;2020-12-16 03:00:00;8,2;Passing clouds.;8,2;14;1020;17;200;86;0;0;0;0
364;2020-12-16 04:00:00;7,9;Passing clouds.;7,9;14;1020;15;199;87;0;0;0;0
365;2020-12-16 05:00:00;7,7;Scattered clouds.;7,7;15;1020;15;195;88;0;0;0;0
366;2020-12-16 06:00:00;7,6;Broken clouds.;7,6;17;1020;15;191;88;0;0;0;0
367;2020-12-16 07:00:00;7,4;Mostly cloudy.;7,4;17;1020;15;187;88;0;0;0;0
368;2020-12-16 08:00:00;7,3;Mostly cloudy.;7,3;6;1020;16;179;87;0;0;0;0
369;2020-12-16 09:00:00;7,3;Mostly cloudy.;7,3;6;1020;18;171;87;0;0;0;0
370;2020-12-16 10:00:00;7,8;Mostly cloudy.;7,8;6;1020;19;168;84;0;0;0;0
371;2020-12-16 11:00:00;9;Sprinkles. Mostly cloudy.;9;18;1020;21;169;78;0;0;0;0
372;2020-12-16 12:00:00;10,2;Sprinkles. Mostly cloudy.;10,2;18;1020;22;171;72;0;0;0;0
373;2020-12-16 13:00:00;11;Sprinkles. Mostly cloudy.;11;18;1020;23;172;69;0;0;0;0
374;2020-12-16 14:00:00;11,4;Light rain. Mostly cloudy.;11,4;18;1020;22;172;66;1;0;0;0
375;2020-12-16 15:00:00;11,4;Light rain. Mostly cloudy.;11,4;18;1020;19;172;66;1;0;0;0
376;2020-12-16 16:00:00;11,1;Light rain. Mostly cloudy.;11,1;18;1020;18;173;68;1;0;0;0
377;2020-12-16 17:00:00;10,6;Sprinkles. Mostly cloudy.;10,6;34;1020;18;170;72;0;0;0;0
378;2020-12-16 18:00:00;10,3;Sprinkles. Mostly cloudy.;10,3;34;1020;17;164;76;0;0;0;0
379;2020-12-16 19:00:00;10,2;Sprinkles. Mostly cloudy.;10,2;34;1020;18;165;78;0;0;0;0
380;2020-12-16 20:00:00;9,7;Mostly cloudy.;9,7;17;1020;18;174;82;0;0;0;0
381;2020-12-16 21:00:00;9,5;Mostly cloudy.;9,5;17;1020;19;185;85;0;0;0;0
382;2020-12-16 22:00:00;9,4;Mostly cloudy.;9,4;17;1020;21;194;86;0;0;0;0
383;2020-12-16 23:00:00;9,1;Mostly cloudy.;9,1;17;1020;20;204;87;0;0;0;0
384;2020-12-17 00:00:00;8,8;Mostly cloudy.;8,8;17;1020;18;220;86;0;0;0;0
385;2020-12-17 01:00:00;8,5;Scattered clouds.;8,5;15;1020;16;231;86;0;0;0;0
386;2020-12-17 02:00:00;8,1;Passing clouds.;8,1;14;1020;15;228;84;0;0;0;0
387;2020-12-17 03:00:00;7,3;Passing clouds.;7,3;14;1020;14;221;85;0;0;0;0
388;2020-12-17 04:00:00;7;Passing clouds.;7;14;1020;14;215;85;0;0;0;0
389;2020-12-17 05:00:00;6,7;Passing clouds.;6,7;14;1020;13;212;86;0;0;0;0
390;2020-12-17 06:00:00;6,4;Passing clouds.;6,4;14;1020;13;208;87;0;0;0;0
391;2020-12-17 07:00:00;6,2;Passing clouds.;6,2;14;1020;13;206;88;0;0;0;0
392;2020-12-17 08:00:00;5,9;More sun than clouds.;5,9;2;1020;14;204;89;0;0;0;0
393;2020-12-17 09:00:00;5,8;More sun than clouds.;5,8;2;1020;15;203;90;0;0;0;0
394;2020-12-17 10:00:00;6,3;More sun than clouds.;6,3;2;1020;16;204;90;0;0;0;0
395;2020-12-17 11:00:00;7,5;More sun than clouds.;7,5;2;1020;17;207;84;0;0;0;0
396;2020-12-17 12:00:00;8,4;More sun than clouds.;8,4;2;1020;19;211;79;0;0;0;0
397;2020-12-17 13:00:00;8,9;More sun than clouds.;8,9;2;1020;21;213;77;0;0;0;0
398;2020-12-17 14:00:00;9,4;More sun than clouds.;9,4;2;1020;21;215;74;0;0;0;0
399;2020-12-17 15:00:00;9,6;More sun than clouds.;9,6;2;1020;20;216;73;0;0;0;0
400;2020-12-17 16:00:00;9,3;More sun than clouds.;9,3;2;1020;19;216;75;0;0;0;0
401;2020-12-17 17:00:00;8,4;Passing clouds.;8,4;14;1020;18;214;79;0;0;0;0
402;2020-12-17 18:00:00;7,9;Passing clouds.;7,9;14;1020;15;211;82;0;0;0;0
403;2020-12-17 19:00:00;7,7;Passing clouds.;7,7;14;1020;14;209;83;0;0;0;0
404;2020-12-17 20:00:00;7,2;Passing clouds.;7,2;14;1020;14;209;85;0;0;0;0
405;2020-12-17 21:00:00;6,8;Passing clouds.;6,8;14;1020;13;210;87;0;0;0;0
406;2020-12-17 22:00:00;6,5;Passing clouds.;6,5;14;1020;12;211;88;0;0;0;0
407;2020-12-17 23:00:00;6,1;Passing clouds.;6,1;14;1020;12;212;89;0;0;0;0
408;2020-12-18 00:00:00;5,9;Passing clouds.;5,9;14;1020;12;214;88;0;0;0;0
409;2020-12-18 01:00:00;5,6;Passing clouds.;5,6;14;1020;13;213;89;0;0;0;0
410;2020-12-18 02:00:00;5,4;Passing clouds.;5,4;14;1020;12;210;90;0;0;0;0
411;2020-12-18 03:00:00;5,3;Partly cloudy.;5,3;15;1020;12;206;91;0;0;0;0
412;2020-12-18 04:00:00;5,1;Scattered clouds.;5,1;15;1020;12;201;93;0;0;0;0
413;2020-12-18 05:00:00;5,4;Scattered clouds.;5,4;15;1020;12;197;93;0;0;0;0
414;2020-12-18 06:00:00;6;Scattered clouds.;6;15;1020;13;194;94;0;0;0;0
